{
  "dataset": "fs",
  "epochs": 2500,
  "num_batches": 20000,
  "n_train": 2052,
  "n_test": 1027,
  "features": [
    "latlon",
    "hour",
    "day",
    "category"
  ],
  "latlon_only": false,
  "reference_point": [
    -73.977705979516,
    40.76959209333479
  ],
  "scale_factor": [
    0.29193802048399675,
    0.21873962593050322
  ],
  "runtime total": 8037.5181277250085,
  "runtime run": 311.2454099589988
}