{
  "dataset": "geolife",
  "epochs": 220,
  "num_batches": 40000,
  "n_train": 46336,
  "n_test": 23168,
  "features": [
    "latlon",
    "hour",
    "day"
  ],
  "latlon_only": false,
  "reference_point": [
    116.37499995,
    39.89000165
  ],
  "scale_factor": [
    0.18499995,
    0.13999835
  ],
  "runtime total": 13997.389842757999,
  "runtime run": 1512.8211843823276
}