{
  "dataset": "fs",
  "epochs": 250,
  "num_batches": 2000,
  "n_train": 2052,
  "n_test": 1027,
  "features": [
    "latlon",
    "hour",
    "day",
    "category"
  ],
  "latlon_only": false,
  "reference_point": [
    -73.977705979516,
    40.76959209333479
  ],
  "scale_factor": [
    0.29193802048399675,
    0.21873962593050322
  ],
  "runtime total": 793.303077413002,
  "runtime run": 31.198486702801894
}