{
  "dataset": "geolife_spatial",
  "epochs": 11,
  "num_batches": 2000,
  "n_train": 46336,
  "n_test": 23168,
  "features": [
    "latlon"
  ],
  "latlon_only": true,
  "reference_point": [
    116.37499995,
    39.89000165
  ],
  "scale_factor": [
    0.18499995,
    0.13999835
  ],
  "runtime total": 1419.8470560849964,
  "runtime run": 45.32541651520005
}