{
  "dataset": "geolife_spatial",
  "num_trajectories": 23168,
  "num_batches": 2000,
  "epochs": 11,
  "runtime_total": 3490.41324271301,
  "runtime_avg": 698.0826486356003,
  "losses": [
    "STD",
    "NO BCE",
    "BCE ONLY"
  ],
  "features": [
    "latlon"
  ],
  "reference_point": [
    116.37499995,
    39.89000165
  ],
  "scale_factor": [
    0.18499995,
    0.13999835
  ]
}